sample-id,Plate,Well,Primer,Barcode,Mouse_Label,Mouse_Label_Cols,Sample_Type_Env,Mouse,Group,Sex,Genotype,Week,Cohort,Sample_Type,Group_Sample_Type,Group_Sample_Type_env,Section,Group_Week,Weight
403_DC,Plate2,D09,806rcbc140,GGTTATTTGGCGCCGGACTACHVGGGTWild_TypeCTAAT,403_DC,X403_DC,Duodenum_Lumen,403,Male_Mutant,Male,Mutant,10,A,Lumen,Male_Mutant_Lumen,Male_Mutant_Lumen_Duodenum,Duodenum,10_Male_Mutant,21.8
403_DL,Plate3,C09,806rcbc224,AATGCGCGTATACCGGACTACHVGGGTWild_TypeCTAAT,403_DL,X403_DL,Duodenum_Mucosa,403,Male_Mutant,Male,Mutant,10,A,Mucosa,Male_Mutant_Mucosa,Male_Mutant_Mucosa_Duodenum,Duodenum,10_Male_Mutant,21.8
405_DC,Plate2,F05,806rcbc160,AGTGTTTCGGACCCGGACTACHVGGGTWild_TypeCTAAT,405_DC,X405_DC,Duodenum_Lumen,405,Male_Wild_Type,Male,Wild_Type,10,A,Lumen,Male_Wild_Type_Lumen,Male_Wild_Type_Lumen_Duodenum,Duodenum,10_Male_Wild_Type,24.85
405_DL,Plate1,G05,806rcbc76,ATTCTGCCGAAGCCGGACTACHVGGGTWild_TypeCTAAT,405_DL,X405_DL,Duodenum_Mucosa,405,Male_Wild_Type,Male,Wild_Type,10,A,Mucosa,Male_Wild_Type_Mucosa,Male_Wild_Type_Mucosa_Duodenum,Duodenum,10_Male_Wild_Type,24.85
407_DC,Plate2,D10,806rcbc141,GGATCGTAATACCCGGACTACHVGGGTWild_TypeCTAAT,407_DC,X407_DC,Duodenum_Lumen,407,Male_Mutant,Male,Mutant,10,A,Lumen,Male_Mutant_Lumen,Male_Mutant_Lumen_Duodenum,Duodenum,10_Male_Mutant,23.15
407_DL,Plate1,E10,806rcbc57,TATACCGCTGCGCCGGACTACHVGGGTWild_TypeCTAAT,407_DL,X407_DL,Duodenum_Mucosa,407,Male_Mutant,Male,Mutant,10,A,Mucosa,Male_Mutant_Mucosa,Male_Mutant_Mucosa_Duodenum,Duodenum,10_Male_Mutant,23.15
408_DC,Plate2,D11,806rcbc142,GCATAGCATCAACCGGACTACHVGGGTWild_TypeCTAAT,408_DC,X408_DC,Duodenum_Lumen,408,Male_Mutant,Male,Mutant,10,A,Lumen,Male_Mutant_Lumen,Male_Mutant_Lumen_Duodenum,Duodenum,10_Male_Mutant,26.3
408_DL,Plate1,E11,806rcbc58,AGTTGAGGCATTCCGGACTACHVGGGTWild_TypeCTAAT,408_DL,X408_DL,Duodenum_Mucosa,408,Male_Mutant,Male,Mutant,10,A,Mucosa,Male_Mutant_Mucosa,Male_Mutant_Mucosa_Duodenum,Duodenum,10_Male_Mutant,26.3
411_DC,Plate2,F06,806rcbc161,ACACGCGGTTTACCGGACTACHVGGGTWild_TypeCTAAT,411_DC,X411_DC,Duodenum_Lumen,411,Male_Wild_Type,Male,Wild_Type,10,A,Lumen,Male_Wild_Type_Lumen,Male_Wild_Type_Lumen_Duodenum,Duodenum,10_Male_Wild_Type,29.95
411_DL,Plate1,G06,806rcbc77,AGCATGTCCCGTCCGGACTACHVGGGTWild_TypeCTAAT,411_DL,X411_DL,Duodenum_Mucosa,411,Male_Wild_Type,Male,Wild_Type,10,A,Mucosa,Male_Wild_Type_Mucosa,Male_Wild_Type_Mucosa_Duodenum,Duodenum,10_Male_Wild_Type,29.95
412_DC,Plate2,C01,806rcbc120,AGTAGCGGAAGACCGGACTACHVGGGTWild_TypeCTAAT,412_DC,X412_DC,Duodenum_Lumen,412,Female_Wild_Type,Female,Wild_Type,10,A,Lumen,Female_Wild_Type_Lumen,Female_Wild_Type_Lumen_Duodenum,Duodenum,10_Female_Wild_Type,21.3
412_DL,Plate3,C06,806rcbc221,AAGAACTCATGACCGGACTACHVGGGTWild_TypeCTAAT,412_DL,X412_DL,Duodenum_Mucosa,412,Female_Wild_Type,Female,Wild_Type,10,A,Mucosa,Female_Wild_Type_Mucosa,Female_Wild_Type_Mucosa_Duodenum,Duodenum,10_Female_Wild_Type,21.3
414_DC,Plate2,A08,806rcbc103,GCGAGCGAAGTACCGGACTACHVGGGTWild_TypeCTAAT,414_DC,X414_DC,Duodenum_Lumen,414,Female_Mutant,Female,Mutant,10,A,Lumen,Female_Mutant_Lumen,Female_Mutant_Lumen_Duodenum,Duodenum,10_Female_Mutant,23.3
414_DL,Plate1,B06,806rcbc17,TAACGTGTGTGCCCGGACTACHVGGGTWild_TypeCTAAT,414_DL,X414_DL,Duodenum_Mucosa,414,Female_Mutant,Female,Mutant,10,A,Mucosa,Female_Mutant_Mucosa,Female_Mutant_Mucosa_Duodenum,Duodenum,10_Female_Mutant,23.3
420_DC,Plate2,F07,806rcbc162,TGGCAAATCTAGCCGGACTACHVGGGTWild_TypeCTAAT,420_DC,X420_DC,Duodenum_Lumen,420,Male_Wild_Type,Male,Wild_Type,10,A,Lumen,Male_Wild_Type_Lumen,Male_Wild_Type_Lumen_Duodenum,Duodenum,10_Male_Wild_Type,29.65
420_DL,Plate1,G07,806rcbc78,GTACGATATGACCCGGACTACHVGGGTWild_TypeCTAAT,420_DL,X420_DL,Duodenum_Mucosa,420,Male_Wild_Type,Male,Wild_Type,10,A,Mucosa,Male_Wild_Type_Mucosa,Male_Wild_Type_Mucosa_Duodenum,Duodenum,10_Male_Wild_Type,29.65
425_DC,Plate2,F08,806rcbc163,CACCTTACCTTACCGGACTACHVGGGTWild_TypeCTAAT,425_DC,X425_DC,Duodenum_Lumen,425,Male_Wild_Type,Male,Wild_Type,10,A,Lumen,Male_Wild_Type_Lumen,Male_Wild_Type_Lumen_Duodenum,Duodenum,10_Male_Wild_Type,28.1
425_DL,Plate3,B04,806rcbc207,TTCCTTAGTAGTCCGGACTACHVGGGTWild_TypeCTAAT,425_DL,X425_DL,Duodenum_Mucosa,425,Male_Wild_Type,Male,Wild_Type,10,A,Mucosa,Male_Wild_Type_Mucosa,Male_Wild_Type_Mucosa_Duodenum,Duodenum,10_Male_Wild_Type,28.1
427_DC,Plate2,F09,806rcbc164,TTAACCTTCCTGCCGGACTACHVGGGTWild_TypeCTAAT,427_DC,X427_DC,Duodenum_Lumen,427,Male_Wild_Type,Male,Wild_Type,10,A,Lumen,Male_Wild_Type_Lumen,Male_Wild_Type_Lumen_Duodenum,Duodenum,10_Male_Wild_Type,31.15
427_DL,Plate1,G09,806rcbc80,TAGTATGCGCAACCGGACTACHVGGGTWild_TypeCTAAT,427_DL,X427_DL,Duodenum_Mucosa,427,Male_Wild_Type,Male,Wild_Type,10,A,Mucosa,Male_Wild_Type_Mucosa,Male_Wild_Type_Mucosa_Duodenum,Duodenum,10_Male_Wild_Type,31.15
428_DC,Plate2,D12,806rcbc143,GTGTTAGATGTGCCGGACTACHVGGGTWild_TypeCTAAT,428_DC,X428_DC,Duodenum_Lumen,428,Male_Mutant,Male,Mutant,10,A,Lumen,Male_Mutant_Lumen,Male_Mutant_Lumen_Duodenum,Duodenum,10_Male_Mutant,20.2
428_DL,Plate1,E12,806rcbc59,ACAATAGACACCCCGGACTACHVGGGTWild_TypeCTAAT,428_DL,X428_DL,Duodenum_Mucosa,428,Male_Mutant,Male,Mutant,10,A,Mucosa,Male_Mutant_Mucosa,Male_Mutant_Mucosa_Duodenum,Duodenum,10_Male_Mutant,20.2
431_DC,Plate2,F10,806rcbc165,TGCCGTATGCCACCGGACTACHVGGGTWild_TypeCTAAT,431_DC,X431_DC,Duodenum_Lumen,431,Male_Wild_Type,Male,Wild_Type,10,A,Lumen,Male_Wild_Type_Lumen,Male_Wild_Type_Lumen_Duodenum,Duodenum,10_Male_Wild_Type,25.6
431_DL,Plate1,G10,806rcbc81,TGCGCTGAATGTCCGGACTACHVGGGTWild_TypeCTAAT,431_DL,X431_DL,Duodenum_Mucosa,431,Male_Wild_Type,Male,Wild_Type,10,A,Mucosa,Male_Wild_Type_Mucosa,Male_Wild_Type_Mucosa_Duodenum,Duodenum,10_Male_Wild_Type,25.6
432_DC,Plate2,A09,806rcbc104,ATCTACCGAAGCCCGGACTACHVGGGTWild_TypeCTAAT,432_DC,X432_DC,Duodenum_Lumen,432,Female_Mutant,Female,Mutant,10,A,Lumen,Female_Mutant_Lumen,Female_Mutant_Lumen_Duodenum,Duodenum,10_Female_Mutant,21.55
432_DL,Plate1,B07,806rcbc18,CATTATGGCGTGCCGGACTACHVGGGTWild_TypeCTAAT,432_DL,X432_DL,Duodenum_Mucosa,432,Female_Mutant,Female,Mutant,10,A,Mucosa,Female_Mutant_Mucosa,Female_Mutant_Mucosa_Duodenum,Duodenum,10_Female_Mutant,21.55
433_DC,Plate3,B10,806rcbc213,CAAGTGAAGGGACCGGACTACHVGGGTWild_TypeCTAAT,433_DC,X433_DC,Duodenum_Lumen,433,Female_Wild_Type,Female,Wild_Type,10,A,Lumen,Female_Wild_Type_Lumen,Female_Wild_Type_Lumen_Duodenum,Duodenum,10_Female_Wild_Type,22.9
433_DL,Plate3,A02,806rcbc193,TCCATACCGGAACCGGACTACHVGGGTWild_TypeCTAAT,433_DL,X433_DL,Duodenum_Mucosa,433,Female_Wild_Type,Female,Wild_Type,10,A,Mucosa,Female_Wild_Type_Mucosa,Female_Wild_Type_Mucosa_Duodenum,Duodenum,10_Female_Wild_Type,22.9
437_DC,Plate2,C03,806rcbc122,CATACCGTGAGTCCGGACTACHVGGGTWild_TypeCTAAT,437_DC,X437_DC,Duodenum_Lumen,437,Female_Wild_Type,Female,Wild_Type,10,A,Lumen,Female_Wild_Type_Lumen,Female_Wild_Type_Lumen_Duodenum,Duodenum,10_Female_Wild_Type,21.1
437_DL,Plate3,A03,806rcbc194,AGCCCTGCTACACCGGACTACHVGGGTWild_TypeCTAAT,437_DL,X437_DL,Duodenum_Mucosa,437,Female_Wild_Type,Female,Wild_Type,10,A,Mucosa,Female_Wild_Type_Mucosa,Female_Wild_Type_Mucosa_Duodenum,Duodenum,10_Female_Wild_Type,21.1
438_DC,Plate2,C04,806rcbc123,ATGTGTGTAGACCCGGACTACHVGGGTWild_TypeCTAAT,438_DC,X438_DC,Duodenum_Lumen,438,Female_Wild_Type,Female,Wild_Type,10,A,Lumen,Female_Wild_Type_Lumen,Female_Wild_Type_Lumen_Duodenum,Duodenum,10_Female_Wild_Type,20.65
438_DL,Plate1,D04,806rcbc39,TCGACATCTCTTCCGGACTACHVGGGTWild_TypeCTAAT,438_DL,X438_DL,Duodenum_Mucosa,438,Female_Wild_Type,Female,Wild_Type,10,A,Mucosa,Female_Wild_Type_Mucosa,Female_Wild_Type_Mucosa_Duodenum,Duodenum,10_Female_Wild_Type,20.65
439_DC,Plate2,C05,806rcbc124,CCTGCGAAGTATCCGGACTACHVGGGTWild_TypeCTAAT,439_DC,X439_DC,Duodenum_Lumen,439,Female_Wild_Type,Female,Wild_Type,10,A,Lumen,Female_Wild_Type_Lumen,Female_Wild_Type_Lumen_Duodenum,Duodenum,10_Female_Wild_Type,20.25
439_DL,Plate1,D05,806rcbc40,GAACACTTTGGACCGGACTACHVGGGTWild_TypeCTAAT,439_DL,X439_DL,Duodenum_Mucosa,439,Female_Wild_Type,Female,Wild_Type,10,A,Mucosa,Female_Wild_Type_Mucosa,Female_Wild_Type_Mucosa_Duodenum,Duodenum,10_Female_Wild_Type,20.25
444_DC,Plate2,A10,806rcbc105,ACTTGGTGTAAGCCGGACTACHVGGGTWild_TypeCTAAT,444_DC,X444_DC,Duodenum_Lumen,444,Female_Mutant,Female,Mutant,10,A,Lumen,Female_Mutant_Lumen,Female_Mutant_Lumen_Duodenum,Duodenum,10_Female_Mutant,22
444_DL,Plate1,B08,806rcbc19,CCAATACGCCTGCCGGACTACHVGGGTWild_TypeCTAAT,444_DL,X444_DL,Duodenum_Mucosa,444,Female_Mutant,Female,Mutant,10,A,Mucosa,Female_Mutant_Mucosa,Female_Mutant_Mucosa_Duodenum,Duodenum,10_Female_Mutant,22
449_DC,Plate2,E01,806rcbc144,TTAGAGCCATGCCCGGACTACHVGGGTWild_TypeCTAAT,449_DC,X449_DC,Duodenum_Lumen,449,Male_Mutant,Male,Mutant,10,A,Lumen,Male_Mutant_Lumen,Male_Mutant_Lumen_Duodenum,Duodenum,10_Male_Mutant,33.9
449_DL,Plate1,F01,806rcbc60,CGGTCAATTGACCCGGACTACHVGGGTWild_TypeCTAAT,449_DL,X449_DL,Duodenum_Mucosa,449,Male_Mutant,Male,Mutant,10,A,Mucosa,Male_Mutant_Mucosa,Male_Mutant_Mucosa_Duodenum,Duodenum,10_Male_Mutant,33.9
450_DC,Plate2,F11,806rcbc166,CGTGACAATAGTCCGGACTACHVGGGTWild_TypeCTAAT,450_DC,X450_DC,Duodenum_Lumen,450,Male_Wild_Type,Male,Wild_Type,10,A,Lumen,Male_Wild_Type_Lumen,Male_Wild_Type_Lumen_Duodenum,Duodenum,10_Male_Wild_Type,24.75
450_DL,Plate1,G11,806rcbc82,ATGGCTGTCAGTCCGGACTACHVGGGTWild_TypeCTAAT,450_DL,X450_DL,Duodenum_Mucosa,450,Male_Wild_Type,Male,Wild_Type,10,A,Mucosa,Male_Wild_Type_Mucosa,Male_Wild_Type_Mucosa_Duodenum,Duodenum,10_Male_Wild_Type,24.75
451_DC,Plate2,C06,806rcbc125,TTCTCTCGACATCCGGACTACHVGGGTWild_TypeCTAAT,451_DC,X451_DC,Duodenum_Lumen,451,Female_Wild_Type,Female,Wild_Type,10,A,Lumen,Female_Wild_Type_Lumen,Female_Wild_Type_Lumen_Duodenum,Duodenum,10_Female_Wild_Type,21.6
451_DL,Plate3,C07,806rcbc222,TGATATCGTCTTCCGGACTACHVGGGTWild_TypeCTAAT,451_DL,X451_DL,Duodenum_Mucosa,451,Female_Wild_Type,Female,Wild_Type,10,A,Mucosa,Female_Wild_Type_Mucosa,Female_Wild_Type_Mucosa_Duodenum,Duodenum,10_Female_Wild_Type,21.6
452_DC,Plate2,E02,806rcbc145,TGAACCCTATGGCCGGACTACHVGGGTWild_TypeCTAAT,452_DC,X452_DC,Duodenum_Lumen,452,Male_Mutant,Male,Mutant,10,A,Lumen,Male_Mutant_Lumen,Male_Mutant_Lumen_Duodenum,Duodenum,10_Male_Mutant,19.35
452_DL,Plate1,F02,806rcbc61,GTGGAGTCTCATCCGGACTACHVGGGTWild_TypeCTAAT,452_DL,X452_DL,Duodenum_Mucosa,452,Male_Mutant,Male,Mutant,10,A,Mucosa,Male_Mutant_Mucosa,Male_Mutant_Mucosa_Duodenum,Duodenum,10_Male_Mutant,19.35
456_DC,Plate2,C07,806rcbc126,GCTCTCCGTAGACCGGACTACHVGGGTWild_TypeCTAAT,456_DC,X456_DC,Duodenum_Lumen,456,Female_Wild_Type,Female,Wild_Type,10,A,Lumen,Female_Wild_Type_Lumen,Female_Wild_Type_Lumen_Duodenum,Duodenum,10_Female_Wild_Type,21.35
456_DL,Plate1,D07,806rcbc42,TTGGGTACACGTCCGGACTACHVGGGTWild_TypeCTAAT,456_DL,X456_DL,Duodenum_Mucosa,456,Female_Wild_Type,Female,Wild_Type,10,A,Mucosa,Female_Wild_Type_Mucosa,Female_Wild_Type_Mucosa_Duodenum,Duodenum,10_Female_Wild_Type,21.35
459_DC,Plate2,F12,806rcbc167,CGCTACAACTCGCCGGACTACHVGGGTWild_TypeCTAAT,459_DC,X459_DC,Duodenum_Lumen,459,Male_Wild_Type,Male,Wild_Type,10,A,Lumen,Male_Wild_Type_Lumen,Male_Wild_Type_Lumen_Duodenum,Duodenum,10_Male_Wild_Type,26.65
459_DL,Plate1,G12,806rcbc83,GTTCTCTTCTCGCCGGACTACHVGGGTWild_TypeCTAAT,459_DL,X459_DL,Duodenum_Mucosa,459,Male_Wild_Type,Male,Wild_Type,10,A,Mucosa,Male_Wild_Type_Mucosa,Male_Wild_Type_Mucosa_Duodenum,Duodenum,10_Male_Wild_Type,26.65
461_DC,Plate2,E03,806rcbc146,AGAGTCTTGCCACCGGACTACHVGGGTWild_TypeCTAAT,461_DC,X461_DC,Duodenum_Lumen,461,Male_Mutant,Male,Mutant,10,A,Lumen,Male_Mutant_Lumen,Male_Mutant_Lumen_Duodenum,Duodenum,10_Male_Mutant,24.05
461_DL,Plate1,F03,806rcbc62,GCTCGAAGATTCCCGGACTACHVGGGTWild_TypeCTAAT,461_DL,X461_DL,Duodenum_Mucosa,461,Male_Mutant,Male,Mutant,10,A,Mucosa,Male_Mutant_Mucosa,Male_Mutant_Mucosa_Duodenum,Duodenum,10_Male_Mutant,24.05
463_DC,Plate2,A11,806rcbc106,TCTTGGAGGTCACCGGACTACHVGGGTWild_TypeCTAAT,463_DC,X463_DC,Duodenum_Lumen,463,Female_Mutant,Female,Mutant,10,A,Lumen,Female_Mutant_Lumen,Female_Mutant_Lumen_Duodenum,Duodenum,10_Female_Mutant,19.15
463_DL,Plate1,B09,806rcbc20,GATCTGCGATCCCCGGACTACHVGGGTWild_TypeCTAAT,463_DL,X463_DL,Duodenum_Mucosa,463,Female_Mutant,Female,Mutant,10,A,Mucosa,Female_Mutant_Mucosa,Female_Mutant_Mucosa_Duodenum,Duodenum,10_Female_Mutant,19.15
464_DC,Plate2,A12,806rcbc107,TCACCTCCTTGTCCGGACTACHVGGGTWild_TypeCTAAT,464_DC,X464_DC,Duodenum_Lumen,464,Female_Mutant,Female,Mutant,10,A,Lumen,Female_Mutant_Lumen,Female_Mutant_Lumen_Duodenum,Duodenum,10_Female_Mutant,23.1
464_DL,Plate1,B10,806rcbc21,CAGCTCATCAGCCCGGACTACHVGGGTWild_TypeCTAAT,464_DL,X464_DL,Duodenum_Mucosa,464,Female_Mutant,Female,Mutant,10,A,Mucosa,Female_Mutant_Mucosa,Female_Mutant_Mucosa_Duodenum,Duodenum,10_Female_Mutant,23.1
465_DC,Plate2,E04,806rcbc147,ACAACACTCCGACCGGACTACHVGGGTWild_TypeCTAAT,465_DC,X465_DC,Duodenum_Lumen,465,Male_Mutant,Male,Mutant,10,A,Lumen,Male_Mutant_Lumen,Male_Mutant_Lumen_Duodenum,Duodenum,10_Male_Mutant,24.1
465_DL,Plate1,F04,806rcbc63,AGGCTTACGTGTCCGGACTACHVGGGTWild_TypeCTAAT,465_DL,X465_DL,Duodenum_Mucosa,465,Male_Mutant,Male,Mutant,10,A,Mucosa,Male_Mutant_Mucosa,Male_Mutant_Mucosa_Duodenum,Duodenum,10_Male_Mutant,24.1
466_DC,Plate2,E05,806rcbc148,CGATGCTGTTGACCGGACTACHVGGGTWild_TypeCTAAT,466_DC,X466_DC,Duodenum_Lumen,466,Male_Mutant,Male,Mutant,10,A,Lumen,Male_Mutant_Lumen,Male_Mutant_Lumen_Duodenum,Duodenum,10_Male_Mutant,22.25
466_DL,Plate1,F05,806rcbc64,TCTCTACCACTCCCGGACTACHVGGGTWild_TypeCTAAT,466_DL,X466_DL,Duodenum_Mucosa,466,Male_Mutant,Male,Mutant,10,A,Mucosa,Male_Mutant_Mucosa,Male_Mutant_Mucosa_Duodenum,Duodenum,10_Male_Mutant,22.25
471_DC,Plate2,C08,806rcbc127,GTTAAGCTGACCCCGGACTACHVGGGTWild_TypeCTAAT,471_DC,X471_DC,Duodenum_Lumen,471,Female_Wild_Type,Female,Wild_Type,10,A,Lumen,Female_Wild_Type_Lumen,Female_Wild_Type_Lumen_Duodenum,Duodenum,10_Female_Wild_Type,21.15
471_DL,Plate1,D08,806rcbc43,AAGGCGCTCCTTCCGGACTACHVGGGTWild_TypeCTAAT,471_DL,X471_DL,Duodenum_Mucosa,471,Female_Wild_Type,Female,Wild_Type,10,A,Mucosa,Female_Wild_Type_Mucosa,Female_Wild_Type_Mucosa_Duodenum,Duodenum,10_Female_Wild_Type,21.15
472_DC,Plate2,E06,806rcbc149,ACGACTGCATAACCGGACTACHVGGGTWild_TypeCTAAT,472_DC,X472_DC,Duodenum_Lumen,472,Male_Mutant,Male,Mutant,10,A,Lumen,Male_Mutant_Lumen,Male_Mutant_Lumen_Duodenum,Duodenum,10_Male_Mutant,24.4
472_DL,Plate3,A12,806rcbc203,AATTCACCTCCTCCGGACTACHVGGGTWild_TypeCTAAT,472_DL,X472_DL,Duodenum_Mucosa,472,Male_Mutant,Male,Mutant,10,A,Mucosa,Male_Mutant_Mucosa,Male_Mutant_Mucosa_Duodenum,Duodenum,10_Male_Mutant,24.4
475_DC,Plate2,G01,806rcbc168,TTAAGACAGTCGCCGGACTACHVGGGTWild_TypeCTAAT,475_DC,X475_DC,Duodenum_Lumen,475,Male_Wild_Type,Male,Wild_Type,10,A,Lumen,Male_Wild_Type_Lumen,Male_Wild_Type_Lumen_Duodenum,Duodenum,10_Male_Wild_Type,26.45
475_DL,Plate3,D03,806rcbc230,TAATCTCGCCGGCCGGACTACHVGGGTWild_TypeCTAAT,475_DL,X475_DL,Duodenum_Mucosa,475,Male_Wild_Type,Male,Wild_Type,10,A,Mucosa,Male_Wild_Type_Mucosa,Male_Wild_Type_Mucosa_Duodenum,Duodenum,10_Male_Wild_Type,26.45
476_DC,Plate2,B01,806rcbc108,GCACACCTGATACCGGACTACHVGGGTWild_TypeCTAAT,476_DC,X476_DC,Duodenum_Lumen,476,Female_Mutant,Female,Mutant,10,A,Lumen,Female_Mutant_Lumen,Female_Mutant_Lumen_Duodenum,Duodenum,10_Female_Mutant,21.55
476_DL,Plate2,H03,806rcbc182,CGCTGTGGATTACCGGACTACHVGGGTWild_TypeCTAAT,476_DL,X476_DL,Duodenum_Mucosa,476,Female_Mutant,Female,Mutant,10,A,Mucosa,Female_Mutant_Mucosa,Female_Mutant_Mucosa_Duodenum,Duodenum,10_Female_Mutant,21.55
478_DC,Plate2,B02,806rcbc109,GCGACAATTACACCGGACTACHVGGGTWild_TypeCTAAT,478_DC,X478_DC,Duodenum_Lumen,478,Female_Mutant,Female,Mutant,10,A,Lumen,Female_Mutant_Lumen,Female_Mutant_Lumen_Duodenum,Duodenum,10_Female_Mutant,23.55
478_DL,Plate3,C02,806rcbc217,CGGGACACCCGACCGGACTACHVGGGTWild_TypeCTAAT,478_DL,X478_DL,Duodenum_Mucosa,478,Female_Mutant,Female,Mutant,10,A,Mucosa,Female_Mutant_Mucosa,Female_Mutant_Mucosa_Duodenum,Duodenum,10_Female_Mutant,23.55
481_DC,Plate2,G02,806rcbc169,TCTGCACTGAGCCCGGACTACHVGGGTWild_TypeCTAAT,481_DC,X481_DC,Duodenum_Lumen,481,Male_Wild_Type,Male,Wild_Type,10,A,Lumen,Male_Wild_Type_Lumen,Male_Wild_Type_Lumen_Duodenum,Duodenum,10_Male_Wild_Type,26.35
481_DL,Plate1,H02,806rcbc85,GCGTTCTAGCTGCCGGACTACHVGGGTWild_TypeCTAAT,481_DL,X481_DL,Duodenum_Mucosa,481,Male_Wild_Type,Male,Wild_Type,10,A,Mucosa,Male_Wild_Type_Mucosa,Male_Wild_Type_Mucosa_Duodenum,Duodenum,10_Male_Wild_Type,26.35
482_DC,Plate2,G03,806rcbc170,CGCAGATTAGTACCGGACTACHVGGGTWild_TypeCTAAT,482_DC,X482_DC,Duodenum_Lumen,482,Male_Wild_Type,Male,Wild_Type,10,A,Lumen,Male_Wild_Type_Lumen,Male_Wild_Type_Lumen_Duodenum,Duodenum,10_Male_Wild_Type,25.2
482_DL,Plate1,H03,806rcbc86,GTTGTTCTGGGACCGGACTACHVGGGTWild_TypeCTAAT,482_DL,X482_DL,Duodenum_Mucosa,482,Male_Wild_Type,Male,Wild_Type,10,A,Mucosa,Male_Wild_Type_Mucosa,Male_Wild_Type_Mucosa_Duodenum,Duodenum,10_Male_Wild_Type,25.2
484_DC,Plate2,C09,806rcbc128,ATGCCATGCCGTCCGGACTACHVGGGTWild_TypeCTAAT,484_DC,X484_DC,Duodenum_Lumen,484,Female_Wild_Type,Female,Wild_Type,10,A,Lumen,Female_Wild_Type_Lumen,Female_Wild_Type_Lumen_Duodenum,Duodenum,10_Female_Wild_Type,20.15
484_DL,Plate1,D09,806rcbc44,TAATACGGATCGCCGGACTACHVGGGTWild_TypeCTAAT,484_DL,X484_DL,Duodenum_Mucosa,484,Female_Wild_Type,Female,Wild_Type,10,A,Mucosa,Female_Wild_Type_Mucosa,Female_Wild_Type_Mucosa_Duodenum,Duodenum,10_Female_Wild_Type,20.15
485_DC,Plate2,C10,806rcbc129,GACATTGTCACGCCGGACTACHVGGGTWild_TypeCTAAT,485_DC,X485_DC,Duodenum_Lumen,485,Female_Wild_Type,Female,Wild_Type,10,A,Lumen,Female_Wild_Type_Lumen,Female_Wild_Type_Lumen_Duodenum,Duodenum,10_Female_Wild_Type,19.8
485_DL,Plate3,A05,806rcbc196,CGCGCCTTAAACCCGGACTACHVGGGTWild_TypeCTAAT,485_DL,X485_DL,Duodenum_Mucosa,485,Female_Wild_Type,Female,Wild_Type,10,A,Mucosa,Female_Wild_Type_Mucosa,Female_Wild_Type_Mucosa_Duodenum,Duodenum,10_Female_Wild_Type,19.8
489_DC,Plate2,E07,806rcbc150,ACGCGAACTAATCCGGACTACHVGGGTWild_TypeCTAAT,489_DC,X489_DC,Duodenum_Lumen,489,Male_Mutant,Male,Mutant,10,A,Lumen,Male_Mutant_Lumen,Male_Mutant_Lumen_Duodenum,Duodenum,10_Male_Mutant,26.35
489_DL,Plate1,F07,806rcbc66,CTCACCTAGGAACCGGACTACHVGGGTWild_TypeCTAAT,489_DL,X489_DL,Duodenum_Mucosa,489,Male_Mutant,Male,Mutant,10,A,Mucosa,Male_Mutant_Mucosa,Male_Mutant_Mucosa_Duodenum,Duodenum,10_Male_Mutant,26.35
495_DC,Plate2,B03,806rcbc110,TCATGCTCCATTCCGGACTACHVGGGTWild_TypeCTAAT,495_DC,X495_DC,Duodenum_Lumen,495,Female_Mutant,Female,Mutant,10,A,Lumen,Female_Mutant_Lumen,Female_Mutant_Lumen_Duodenum,Duodenum,10_Female_Mutant,25.55
495_DL,Plate2,H05,806rcbc184,ACGATTCGAGTCCCGGACTACHVGGGTWild_TypeCTAAT,495_DL,X495_DL,Duodenum_Mucosa,495,Female_Mutant,Female,Mutant,10,A,Mucosa,Female_Mutant_Mucosa,Female_Mutant_Mucosa_Duodenum,Duodenum,10_Female_Mutant,25.55
500_DC,Plate3,B11,806rcbc214,CACGTTTATTCCCCGGACTACHVGGGTWild_TypeCTAAT,500_DC,X500_DC,Duodenum_Lumen,500,Male_Wild_Type,Male,Wild_Type,10,B,Lumen,Male_Wild_Type_Lumen,Male_Wild_Type_Lumen_Duodenum,Duodenum,10_Male_Wild_Type,25.1
500_DL,Plate3,B06,806rcbc209,ACGTGAGGAACGCCGGACTACHVGGGTWild_TypeCTAAT,500_DL,X500_DL,Duodenum_Mucosa,500,Male_Wild_Type,Male,Wild_Type,10,B,Mucosa,Male_Wild_Type_Mucosa,Male_Wild_Type_Mucosa_Duodenum,Duodenum,10_Male_Wild_Type,25.1
505_DC,Plate2,B04,806rcbc111,AGCTGTCAAGCTCCGGACTACHVGGGTWild_TypeCTAAT,505_DC,X505_DC,Duodenum_Lumen,505,Female_Mutant,Female,Mutant,10,B,Lumen,Female_Mutant_Lumen,Female_Mutant_Lumen_Duodenum,Duodenum,10_Female_Mutant,23.45
505_DL,Plate1,C02,806rcbc25,CGAGCAATCCTACCGGACTACHVGGGTWild_TypeCTAAT,505_DL,X505_DL,Duodenum_Mucosa,505,Female_Mutant,Female,Mutant,10,B,Mucosa,Female_Mutant_Mucosa,Female_Mutant_Mucosa_Duodenum,Duodenum,10_Female_Mutant,23.45
509_DC,Plate2,E08,806rcbc151,AGCTATGTATGGCCGGACTACHVGGGTWild_TypeCTAAT,509_DC,X509_DC,Duodenum_Lumen,509,Male_Mutant,Male,Mutant,10,B,Lumen,Male_Mutant_Lumen,Male_Mutant_Lumen_Duodenum,Duodenum,10_Male_Mutant,26.6
509_DL,Plate1,F08,806rcbc67,GTGTTGTCGTGCCCGGACTACHVGGGTWild_TypeCTAAT,509_DL,X509_DL,Duodenum_Mucosa,509,Male_Mutant,Male,Mutant,10,B,Mucosa,Male_Mutant_Mucosa,Male_Mutant_Mucosa_Duodenum,Duodenum,10_Male_Mutant,26.6
510_DC,Plate2,E09,806rcbc152,ACGGGTCATCATCCGGACTACHVGGGTWild_TypeCTAAT,510_DC,X510_DC,Duodenum_Lumen,510,Male_Mutant,Male,Mutant,10,B,Lumen,Male_Mutant_Lumen,Male_Mutant_Lumen_Duodenum,Duodenum,10_Male_Mutant,21.2
510_DL,Plate1,F09,806rcbc68,CCACAGATCGATCCGGACTACHVGGGTWild_TypeCTAAT,510_DL,X510_DL,Duodenum_Mucosa,510,Male_Mutant,Male,Mutant,10,B,Mucosa,Male_Mutant_Mucosa,Male_Mutant_Mucosa_Duodenum,Duodenum,10_Male_Mutant,21.2
515_DC,Plate2,G05,806rcbc172,CACTGGTGCATACCGGACTACHVGGGTWild_TypeCTAAT,515_DC,X515_DC,Duodenum_Lumen,515,Male_Wild_Type,Male,Wild_Type,10,B,Lumen,Male_Wild_Type_Lumen,Male_Wild_Type_Lumen_Duodenum,Duodenum,10_Male_Wild_Type,30.4
515_DL,Plate1,H05,806rcbc88,CTCACAACCGTGCCGGACTACHVGGGTWild_TypeCTAAT,515_DL,X515_DL,Duodenum_Mucosa,515,Male_Wild_Type,Male,Wild_Type,10,B,Mucosa,Male_Wild_Type_Mucosa,Male_Wild_Type_Mucosa_Duodenum,Duodenum,10_Male_Wild_Type,30.4
517_DC,Plate2,G06,806rcbc173,AACGTAGGCTCTCCGGACTACHVGGGTWild_TypeCTAAT,517_DC,X517_DC,Duodenum_Lumen,517,Male_Wild_Type,Male,Wild_Type,10,B,Lumen,Male_Wild_Type_Lumen,Male_Wild_Type_Lumen_Duodenum,Duodenum,10_Male_Wild_Type,22.4
517_DL,Plate1,H06,806rcbc89,CTGCTATTCCTCCCGGACTACHVGGGTWild_TypeCTAAT,517_DL,X517_DL,Duodenum_Mucosa,517,Male_Wild_Type,Male,Wild_Type,10,B,Mucosa,Male_Wild_Type_Mucosa,Male_Wild_Type_Mucosa_Duodenum,Duodenum,10_Male_Wild_Type,22.4
518_DC,Plate2,B05,806rcbc112,GAGAGCAACAGACCGGACTACHVGGGTWild_TypeCTAAT,518_DC,X518_DC,Duodenum_Lumen,518,Female_Mutant,Female,Mutant,10,B,Lumen,Female_Mutant_Lumen,Female_Mutant_Lumen_Duodenum,Duodenum,10_Female_Mutant,29.25
518_DL,Plate2,H07,806rcbc186,CTGATCCATCTTCCGGACTACHVGGGTWild_TypeCTAAT,518_DL,X518_DL,Duodenum_Mucosa,518,Female_Mutant,Female,Mutant,10,B,Mucosa,Female_Mutant_Mucosa,Female_Mutant_Mucosa_Duodenum,Duodenum,10_Female_Mutant,29.25
519_DC,Plate2,C11,806rcbc130,GCCAACAACCATCCGGACTACHVGGGTWild_TypeCTAAT,519_DC,X519_DC,Duodenum_Lumen,519,Female_Wild_Type,Female,Wild_Type,10,B,Lumen,Female_Wild_Type_Lumen,Female_Wild_Type_Lumen_Duodenum,Duodenum,10_Female_Wild_Type,20.75
519_DL,Plate1,D11,806rcbc46,TGTGAATTCGGACCGGACTACHVGGGTWild_TypeCTAAT,519_DL,X519_DL,Duodenum_Mucosa,519,Female_Wild_Type,Female,Wild_Type,10,B,Mucosa,Female_Wild_Type_Mucosa,Female_Wild_Type_Mucosa_Duodenum,Duodenum,10_Female_Wild_Type,20.75
521_DC,Plate2,C12,806rcbc131,ATCAGTACTAGGCCGGACTACHVGGGTWild_TypeCTAAT,521_DC,X521_DC,Duodenum_Lumen,521,Female_Wild_Type,Female,Wild_Type,10,B,Lumen,Female_Wild_Type_Lumen,Female_Wild_Type_Lumen_Duodenum,Duodenum,10_Female_Wild_Type,24.3
521_DL,Plate1,D12,806rcbc47,CATTCGTGGCGTCCGGACTACHVGGGTWild_TypeCTAAT,521_DL,X521_DL,Duodenum_Mucosa,521,Female_Wild_Type,Female,Wild_Type,10,B,Mucosa,Female_Wild_Type_Mucosa,Female_Wild_Type_Mucosa_Duodenum,Duodenum,10_Female_Wild_Type,24.3
522_DC,Plate2,D01,806rcbc132,TCCTCGAGCGATCCGGACTACHVGGGTWild_TypeCTAAT,522_DC,X522_DC,Duodenum_Lumen,522,Female_Wild_Type,Female,Wild_Type,10,B,Lumen,Female_Wild_Type_Lumen,Female_Wild_Type_Lumen_Duodenum,Duodenum,10_Female_Wild_Type,19.25
522_DL,Plate3,A06,806rcbc197,TATGGTACCCAGCCGGACTACHVGGGTWild_TypeCTAAT,522_DL,X522_DL,Duodenum_Mucosa,522,Female_Wild_Type,Female,Wild_Type,10,B,Mucosa,Female_Wild_Type_Mucosa,Female_Wild_Type_Mucosa_Duodenum,Duodenum,10_Female_Wild_Type,19.25
524_DC,Plate3,B12,806rcbc215,GCAACGAACGAGCCGGACTACHVGGGTWild_TypeCTAAT,524_DC,X524_DC,Duodenum_Lumen,524,Male_Wild_Type,Male,Wild_Type,10,B,Lumen,Male_Wild_Type_Lumen,Male_Wild_Type_Lumen_Duodenum,Duodenum,10_Male_Wild_Type,30.9
524_DL,Plate3,D04,806rcbc231,ATCTAGTGGCAACCGGACTACHVGGGTWild_TypeCTAAT,524_DL,X524_DL,Duodenum_Mucosa,524,Male_Wild_Type,Male,Wild_Type,10,B,Mucosa,Male_Wild_Type_Mucosa,Male_Wild_Type_Mucosa_Duodenum,Duodenum,10_Male_Wild_Type,30.9
528_DC,Plate2,E10,806rcbc153,GAAACATCCCACCCGGACTACHVGGGTWild_TypeCTAAT,528_DC,X528_DC,Duodenum_Lumen,528,Male_Mutant,Male,Mutant,10,B,Lumen,Male_Mutant_Lumen,Male_Mutant_Lumen_Duodenum,Duodenum,10_Male_Mutant,28.9
528_DL,Plate1,F10,806rcbc69,TATCGACACAAGCCGGACTACHVGGGTWild_TypeCTAAT,528_DL,X528_DL,Duodenum_Mucosa,528,Male_Mutant,Male,Mutant,10,B,Mucosa,Male_Mutant_Mucosa,Male_Mutant_Mucosa_Duodenum,Duodenum,10_Male_Mutant,28.9
532_DC,Plate2,D02,806rcbc133,ACCCAAGCGTTACCGGACTACHVGGGTWild_TypeCTAAT,532_DC,X532_DC,Duodenum_Lumen,532,Female_Wild_Type,Female,Wild_Type,10,B,Lumen,Female_Wild_Type_Lumen,Female_Wild_Type_Lumen_Duodenum,Duodenum,10_Female_Wild_Type,21.6
532_DL,Plate1,E02,806rcbc49,GGCCAGTTCCTACCGGACTACHVGGGTWild_TypeCTAAT,532_DL,X532_DL,Duodenum_Mucosa,532,Female_Wild_Type,Female,Wild_Type,10,B,Mucosa,Female_Wild_Type_Mucosa,Female_Wild_Type_Mucosa_Duodenum,Duodenum,10_Female_Wild_Type,21.6
534_DC,Plate2,B06,806rcbc113,TACTCGGGAACTCCGGACTACHVGGGTWild_TypeCTAAT,534_DC,X534_DC,Duodenum_Lumen,534,Female_Mutant,Female,Mutant,10,B,Lumen,Female_Mutant_Lumen,Female_Mutant_Lumen_Duodenum,Duodenum,10_Female_Mutant,22.65
534_DL,Plate1,C04,806rcbc27,GTATCTGCGCGTCCGGACTACHVGGGTWild_TypeCTAAT,534_DL,X534_DL,Duodenum_Mucosa,534,Female_Mutant,Female,Mutant,10,B,Mucosa,Female_Mutant_Mucosa,Female_Mutant_Mucosa_Duodenum,Duodenum,10_Female_Mutant,22.65
535_DC,Plate2,E11,806rcbc154,CGTACTCTCGAGCCGGACTACHVGGGTWild_TypeCTAAT,535_DC,X535_DC,Duodenum_Lumen,535,Male_Mutant,Male,Mutant,10,B,Lumen,Male_Mutant_Lumen,Male_Mutant_Lumen_Duodenum,Duodenum,10_Male_Mutant,30.8
535_DL,Plate3,B02,806rcbc205,ATGCTGCAACACCCGGACTACHVGGGTWild_TypeCTAAT,535_DL,X535_DL,Duodenum_Mucosa,535,Male_Mutant,Male,Mutant,10,B,Mucosa,Male_Mutant_Mucosa,Male_Mutant_Mucosa_Duodenum,Duodenum,10_Male_Mutant,30.8
536_DC,Plate2,E12,806rcbc155,TCAGTTCTCGTTCCGGACTACHVGGGTWild_TypeCTAAT,536_DC,X536_DC,Duodenum_Lumen,536,Male_Mutant,Male,Mutant,10,B,Lumen,Male_Mutant_Lumen,Male_Mutant_Lumen_Duodenum,Duodenum,10_Male_Mutant,22.1
536_DL,Plate1,F12,806rcbc71,CGTAATTGCCGCCCGGACTACHVGGGTWild_TypeCTAAT,536_DL,X536_DL,Duodenum_Mucosa,536,Male_Mutant,Male,Mutant,10,B,Mucosa,Male_Mutant_Mucosa,Male_Mutant_Mucosa_Duodenum,Duodenum,10_Male_Mutant,22.1
538_DC,Plate2,B07,806rcbc114,CGTGCTTAGGCTCCGGACTACHVGGGTWild_TypeCTAAT,538_DC,X538_DC,Duodenum_Lumen,538,Female_Mutant,Female,Mutant,10,B,Lumen,Female_Mutant_Lumen,Female_Mutant_Lumen_Duodenum,Duodenum,10_Female_Mutant,35.3
538_DL,Plate2,H08,806rcbc187,TATGTGCCGGCTCCGGACTACHVGGGTWild_TypeCTAAT,538_DL,X538_DL,Duodenum_Mucosa,538,Female_Mutant,Female,Mutant,10,B,Mucosa,Female_Mutant_Mucosa,Female_Mutant_Mucosa_Duodenum,Duodenum,10_Female_Mutant,35.3
541_DC,Plate2,G08,806rcbc175,TCGTCAAACCCGCCGGACTACHVGGGTWild_TypeCTAAT,541_DC,X541_DC,Duodenum_Lumen,541,Male_Wild_Type,Male,Wild_Type,10,B,Lumen,Male_Wild_Type_Lumen,Male_Wild_Type_Lumen_Duodenum,Duodenum,10_Male_Wild_Type,31.05
541_DL,Plate1,H08,806rcbc91,TGTAACGCCGATCCGGACTACHVGGGTWild_TypeCTAAT,541_DL,X541_DL,Duodenum_Mucosa,541,Male_Wild_Type,Male,Wild_Type,10,B,Mucosa,Male_Wild_Type_Mucosa,Male_Wild_Type_Mucosa_Duodenum,Duodenum,10_Male_Wild_Type,31.05
542_DC,Plate2,B08,806rcbc115,TACCGAAGGTATCCGGACTACHVGGGTWild_TypeCTAAT,542_DC,X542_DC,Duodenum_Lumen,542,Female_Mutant,Female,Mutant,10,B,Lumen,Female_Mutant_Lumen,Female_Mutant_Lumen_Duodenum,Duodenum,10_Female_Mutant,29.55
542_DL,Plate1,C06,806rcbc29,CAAATTCGGGATCCGGACTACHVGGGTWild_TypeCTAAT,542_DL,X542_DL,Duodenum_Mucosa,542,Female_Mutant,Female,Mutant,10,B,Mucosa,Female_Mutant_Mucosa,Female_Mutant_Mucosa_Duodenum,Duodenum,10_Female_Mutant,29.55
547_DC,Plate2,F01,806rcbc156,TCGTGCGTGTTGCCGGACTACHVGGGTWild_TypeCTAAT,547_DC,X547_DC,Duodenum_Lumen,547,Male_Mutant,Male,Mutant,10,B,Lumen,Male_Mutant_Lumen,Male_Mutant_Lumen_Duodenum,Duodenum,10_Male_Mutant,26.95
547_DL,Plate1,G01,806rcbc72,GGTGACTAGTTCCCGGACTACHVGGGTWild_TypeCTAAT,547_DL,X547_DL,Duodenum_Mucosa,547,Male_Mutant,Male,Mutant,10,B,Mucosa,Male_Mutant_Mucosa,Male_Mutant_Mucosa_Duodenum,Duodenum,10_Male_Mutant,26.95
548_DC,Plate2,F02,806rcbc157,GTTATCGCATGGCCGGACTACHVGGGTWild_TypeCTAAT,548_DC,X548_DC,Duodenum_Lumen,548,Male_Mutant,Male,Mutant,10,B,Lumen,Male_Mutant_Lumen,Male_Mutant_Lumen_Duodenum,Duodenum,10_Male_Mutant,33.4
548_DL,Plate1,G02,806rcbc73,ATGGGTTCCGTCCCGGACTACHVGGGTWild_TypeCTAAT,548_DL,X548_DL,Duodenum_Mucosa,548,Male_Mutant,Male,Mutant,10,B,Mucosa,Male_Mutant_Mucosa,Male_Mutant_Mucosa_Duodenum,Duodenum,10_Male_Mutant,33.4
549_DC,Plate2,D03,806rcbc134,TGCAGCAAGATTCCGGACTACHVGGGTWild_TypeCTAAT,549_DC,X549_DC,Duodenum_Lumen,549,Female_Wild_Type,Female,Wild_Type,10,B,Lumen,Female_Wild_Type_Lumen,Female_Wild_Type_Lumen_Duodenum,Duodenum,10_Female_Wild_Type,21.85
549_DL,Plate1,E03,806rcbc50,GATGTTCGCTAGCCGGACTACHVGGGTWild_TypeCTAAT,549_DL,X549_DL,Duodenum_Mucosa,549,Female_Wild_Type,Female,Wild_Type,10,B,Mucosa,Female_Wild_Type_Mucosa,Female_Wild_Type_Mucosa_Duodenum,Duodenum,10_Female_Wild_Type,21.85
553_DC,Plate2,F03,806rcbc158,GATCACGAGAGGCCGGACTACHVGGGTWild_TypeCTAAT,553_DC,X553_DC,Duodenum_Lumen,553,Male_Mutant,Male,Mutant,10,B,Lumen,Male_Mutant_Lumen,Male_Mutant_Lumen_Duodenum,Duodenum,10_Male_Mutant,26.15
553_DL,Plate1,G03,806rcbc74,TAGGCATGCTTGCCGGACTACHVGGGTWild_TypeCTAAT,553_DL,X553_DL,Duodenum_Mucosa,553,Male_Mutant,Male,Mutant,10,B,Mucosa,Male_Mutant_Mucosa,Male_Mutant_Mucosa_Duodenum,Duodenum,10_Male_Mutant,26.15
555_DC,Plate2,G09,806rcbc176,TAATCGGTGCCACCGGACTACHVGGGTWild_TypeCTAAT,555_DC,X555_DC,Duodenum_Lumen,555,Male_Wild_Type,Male,Wild_Type,10,B,Lumen,Male_Wild_Type_Lumen,Male_Wild_Type_Lumen_Duodenum,Duodenum,10_Male_Wild_Type,27.45
555_DL,Plate1,H09,806rcbc92,AGCAGAACATCTCCGGACTACHVGGGTWild_TypeCTAAT,555_DL,X555_DL,Duodenum_Mucosa,555,Male_Wild_Type,Male,Wild_Type,10,B,Mucosa,Male_Wild_Type_Mucosa,Male_Wild_Type_Mucosa_Duodenum,Duodenum,10_Male_Wild_Type,27.45
562_DC,Plate2,H01,806rcbc180,GTGCAACCAATCCCGGACTACHVGGGTWild_TypeCTAAT,562_DC,X562_DC,Duodenum_Lumen,562,Female_Wild_Type,Female,Wild_Type,10,B,Lumen,Female_Wild_Type_Lumen,Female_Wild_Type_Lumen_Duodenum,Duodenum,10_Female_Wild_Type,21.45
562_DL,Plate1,E04,806rcbc51,CTATCTCCTGTCCCGGACTACHVGGGTWild_TypeCTAAT,562_DL,X562_DL,Duodenum_Mucosa,562,Female_Wild_Type,Female,Wild_Type,10,B,Mucosa,Female_Wild_Type_Mucosa,Female_Wild_Type_Mucosa_Duodenum,Duodenum,10_Female_Wild_Type,21.45
564_DC,Plate2,B09,806rcbc116,CACTCATCATTCCCGGACTACHVGGGTWild_TypeCTAAT,564_DC,X564_DC,Duodenum_Lumen,564,Female_Mutant,Female,Mutant,10,B,Lumen,Female_Mutant_Lumen,Female_Mutant_Lumen_Duodenum,Duodenum,10_Female_Mutant,34.55
564_DL,Plate2,H09,806rcbc188,TGGTCGCATCGTCCGGACTACHVGGGTWild_TypeCTAAT,564_DL,X564_DL,Duodenum_Mucosa,564,Female_Mutant,Female,Mutant,10,B,Mucosa,Female_Mutant_Mucosa,Female_Mutant_Mucosa_Duodenum,Duodenum,10_Female_Mutant,34.55
568_DC,Plate2,G10,806rcbc177,TTGATCCGGTAGCCGGACTACHVGGGTWild_TypeCTAAT,568_DC,X568_DC,Duodenum_Lumen,568,Male_Wild_Type,Male,Wild_Type,10,B,Lumen,Male_Wild_Type_Lumen,Male_Wild_Type_Lumen_Duodenum,Duodenum,10_Male_Wild_Type,32.55
568_DL,Plate1,H10,806rcbc93,TGGAGTAGGTGGCCGGACTACHVGGGTWild_TypeCTAAT,568_DL,X568_DL,Duodenum_Mucosa,568,Male_Wild_Type,Male,Wild_Type,10,B,Mucosa,Male_Wild_Type_Mucosa,Male_Wild_Type_Mucosa_Duodenum,Duodenum,10_Male_Wild_Type,32.55
571_DC,Plate2,B10,806rcbc117,GTATTTCGGACGCCGGACTACHVGGGTWild_TypeCTAAT,571_DC,X571_DC,Duodenum_Lumen,571,Female_Mutant,Female,Mutant,10,B,Lumen,Female_Mutant_Lumen,Female_Mutant_Lumen_Duodenum,Duodenum,10_Female_Mutant,22.6
571_DL,Plate3,C04,806rcbc219,TATGCCAGAGATCCGGACTACHVGGGTWild_TypeCTAAT,571_DL,X571_DL,Duodenum_Mucosa,571,Female_Mutant,Female,Mutant,10,B,Mucosa,Female_Mutant_Mucosa,Female_Mutant_Mucosa_Duodenum,Duodenum,10_Female_Mutant,22.6
572_DC,Plate2,B11,806rcbc118,TATCTATCCTGCCCGGACTACHVGGGTWild_TypeCTAAT,572_DC,X572_DC,Duodenum_Lumen,572,Female_Mutant,Female,Mutant,10,B,Lumen,Female_Mutant_Lumen,Female_Mutant_Lumen_Duodenum,Duodenum,10_Female_Mutant,26.05
572_DL,Plate2,H11,806rcbc190,CGGATCTAGTGTCCGGACTACHVGGGTWild_TypeCTAAT,572_DL,X572_DL,Duodenum_Mucosa,572,Female_Mutant,Female,Mutant,10,B,Mucosa,Female_Mutant_Mucosa,Female_Mutant_Mucosa_Duodenum,Duodenum,10_Female_Mutant,26.05
573_DC,Plate2,D05,806rcbc136,GATGTGGTGTTACCGGACTACHVGGGTWild_TypeCTAAT,573_DC,X573_DC,Duodenum_Lumen,573,Female_Wild_Type,Female,Wild_Type,10,B,Lumen,Female_Wild_Type_Lumen,Female_Wild_Type_Lumen_Duodenum,Duodenum,10_Female_Wild_Type,19.35
573_DL,Plate1,E05,806rcbc52,ACTCACAGGAATCCGGACTACHVGGGTWild_TypeCTAAT,573_DL,X573_DL,Duodenum_Mucosa,573,Female_Wild_Type,Female,Wild_Type,10,B,Mucosa,Female_Wild_Type_Mucosa,Female_Wild_Type_Mucosa_Duodenum,Duodenum,10_Female_Wild_Type,19.35
577_DC,Plate2,B12,806rcbc119,TTGCCAAGAGTCCCGGACTACHVGGGTWild_TypeCTAAT,577_DC,X577_DC,Duodenum_Lumen,577,Female_Mutant,Female,Mutant,10,B,Lumen,Female_Mutant_Lumen,Female_Mutant_Lumen_Duodenum,Duodenum,10_Female_Mutant,32.35
577_DL,Plate3,C05,806rcbc220,CGTTTGGAATGACCGGACTACHVGGGTWild_TypeCTAAT,577_DL,X577_DL,Duodenum_Mucosa,577,Female_Mutant,Female,Mutant,10,B,Mucosa,Female_Mutant_Mucosa,Female_Mutant_Mucosa_Duodenum,Duodenum,10_Female_Mutant,32.35
578_DC,Plate2,F04,806rcbc159,GTAAATTCAGGCCCGGACTACHVGGGTWild_TypeCTAAT,578_DC,X578_DC,Duodenum_Lumen,578,Male_Mutant,Male,Mutant,10,B,Lumen,Male_Mutant_Lumen,Male_Mutant_Lumen_Duodenum,Duodenum,10_Male_Mutant,32.9
578_DL,Plate3,B03,806rcbc206,ACTCGCTCGCTGCCGGACTACHVGGGTWild_TypeCTAAT,578_DL,X578_DL,Duodenum_Mucosa,578,Male_Mutant,Male,Mutant,10,B,Mucosa,Male_Mutant_Mucosa,Male_Mutant_Mucosa_Duodenum,Duodenum,10_Male_Mutant,32.9
579_DC,Plate2,G11,806rcbc178,CGGGTGTTTGCTCCGGACTACHVGGGTWild_TypeCTAAT,579_DC,X579_DC,Duodenum_Lumen,579,Male_Wild_Type,Male,Wild_Type,10,B,Lumen,Male_Wild_Type_Lumen,Male_Wild_Type_Lumen_Duodenum,Duodenum,10_Male_Wild_Type,22.15
579_DL,Plate3,B08,806rcbc211,CATATAGCCCGACCGGACTACHVGGGTWild_TypeCTAAT,579_DL,X579_DL,Duodenum_Mucosa,579,Male_Wild_Type,Male,Wild_Type,10,B,Mucosa,Male_Wild_Type_Mucosa,Male_Wild_Type_Mucosa_Duodenum,Duodenum,10_Male_Wild_Type,22.15
580_DC,Plate2,D06,806rcbc137,CAGAAATGTGTCCCGGACTACHVGGGTWild_TypeCTAAT,580_DC,X580_DC,Duodenum_Lumen,580,Female_Wild_Type,Female,Wild_Type,10,B,Lumen,Female_Wild_Type_Lumen,Female_Wild_Type_Lumen_Duodenum,Duodenum,10_Female_Wild_Type,19.65
580_DL,Plate1,E06,806rcbc53,ATGATGAGCCTCCCGGACTACHVGGGTWild_TypeCTAAT,580_DL,X580_DL,Duodenum_Mucosa,580,Female_Wild_Type,Female,Wild_Type,10,B,Mucosa,Female_Wild_Type_Mucosa,Female_Wild_Type_Mucosa_Duodenum,Duodenum,10_Female_Wild_Type,19.65
584_DC,Plate2,G12,806rcbc179,TTGACCGCGGTTCCGGACTACHVGGGTWild_TypeCTAAT,584_DC,X584_DC,Duodenum_Lumen,584,Male_Wild_Type,Male,Wild_Type,10,B,Lumen,Male_Wild_Type_Lumen,Male_Wild_Type_Lumen_Duodenum,Duodenum,10_Male_Wild_Type,28.2
584_DL,Plate3,B09,806rcbc212,GCCTATGAGATCCCGGACTACHVGGGTWild_TypeCTAAT,584_DL,X584_DL,Duodenum_Mucosa,584,Male_Wild_Type,Male,Wild_Type,10,B,Mucosa,Male_Wild_Type_Mucosa,Male_Wild_Type_Mucosa_Duodenum,Duodenum,10_Male_Wild_Type,28.2
590_DC,Plate2,D07,806rcbc138,GTAGAGGTAGAGCCGGACTACHVGGGTWild_TypeCTAAT,590_DC,X590_DC,Duodenum_Lumen,590,Female_Wild_Type,Female,Wild_Type,10,B,Lumen,Female_Wild_Type_Lumen,Female_Wild_Type_Lumen_Duodenum,Duodenum,10_Female_Wild_Type,18.7
590_DL,Plate1,E07,806rcbc54,GTCGACAGAGGACCGGACTACHVGGGTWild_TypeCTAAT,590_DL,X590_DL,Duodenum_Mucosa,590,Female_Wild_Type,Female,Wild_Type,10,B,Mucosa,Female_Wild_Type_Mucosa,Female_Wild_Type_Mucosa_Duodenum,Duodenum,10_Female_Wild_Type,18.7
592_DC,Plate2,D08,806rcbc139,CGTGATCCGCTACCGGACTACHVGGGTWild_TypeCTAAT,592_DC,X592_DC,Duodenum_Lumen,592,Female_Wild_Type,Female,Wild_Type,10,B,Lumen,Female_Wild_Type_Lumen,Female_Wild_Type_Lumen_Duodenum,Duodenum,10_Female_Wild_Type,20.35
592_DL,Plate3,C08,806rcbc223,CGGTGACCTACTCCGGACTACHVGGGTWild_TypeCTAAT,592_DL,X592_DL,Duodenum_Mucosa,592,Female_Wild_Type,Female,Wild_Type,10,B,Mucosa,Female_Wild_Type_Mucosa,Female_Wild_Type_Mucosa_Duodenum,Duodenum,10_Female_Wild_Type,20.35
Extraction_N1,Plate2,A01,806rcbc96,TACCGCTTCTTCCCGGACTACHVGGGTWild_TypeCTAAT,Extraction_N1,NA,Control,Extraction_N1,NA,NA,NA,NA,NA,NA,NA_Control,NA_Control,Duodenum,NA,NA
Extraction_N2,Plate2,A02,806rcbc97,TGTGCGATAACACCGGACTACHVGGGTWild_TypeCTAAT,Extraction_N2,NA,Control,Extraction_N2,NA,NA,NA,NA,NA,NA,NA_Control,NA_Control,Duodenum,NA,NA
Extraction_P1,Plate2,A03,806rcbc98,GATTATCGACGACCGGACTACHVGGGTWild_TypeCTAAT,Extraction_P1,NA,Control,Extraction_P1,NA,NA,NA,NA,NA,NA,NA_Control,NA_Control,Duodenum,NA,NA
Extraction_P2,Plate2,A04,806rcbc99,GCCTAGCCCAATCCGGACTACHVGGGTWild_TypeCTAAT,Extraction_P2,NA,Control,Extraction_P2,NA,NA,NA,NA,NA,NA,NA_Control,NA_Control,Duodenum,NA,NA
PCR_negative1,Plate1,B01,806rcbc12,TGCATACACTGGCCGGACTACHVGGGTWild_TypeCTAAT,PCR_negative1,NA,Control,PCR_negative1,NA,NA,NA,NA,NA,NA,NA_Control,NA_Control,Duodenum,NA,NA
PCR_negative2,Plate1,D01,806rcbc36,CACTACGCTAGACCGGACTACHVGGGTWild_TypeCTAAT,PCR_negative2,NA,Control,PCR_negative2,NA,NA,NA,NA,NA,NA,NA_Control,NA_Control,Duodenum,NA,NA
PCR_positive1,Plate1,B02,806rcbc13,AGTCGAACGAGGCCGGACTACHVGGGTWild_TypeCTAAT,PCR_positive1,NA,Control,PCR_positive1,NA,NA,NA,NA,NA,NA,NA_Control,NA_Control,Duodenum,NA,NA
PCR_positive2,Plate1,D02,806rcbc37,TGCAGTCCTCGACCGGACTACHVGGGTWild_TypeCTAAT,PCR_positive2,NA,Control,PCR_positive2,NA,NA,NA,NA,NA,NA,NA_Control,NA_Control,Duodenum,NA,NA