,Plate,Well,Primer,Barcode,Mouse_Label,Mouse_Label_Cols,Sample_Type_Env,Mouse,Group,Sex,Genotype,Week,Cohort,Sample_Type,Group_Sample_Type,Group_Sample_Type_env,Section,Group_Week,Weight
403_10,Plate3,B01,806rcbc204,CGTATAAATGCGCCGGACTACHVGGGTWild_TypeCTAAT,403_10,X403_10,feces,403,Male_Mutant,Male,Mutant,10,A,feces,Male_Mutant_feces,Male_Mutant_feces_10,Feces,10_Male_Mutant,21.8
405_10,Plate3,C09,806rcbc224,AATGCGCGTATACCGGACTACHVGGGTWild_TypeCTAAT,405_10,X405_10,feces,405,Male_Wild_Type,Male,Wild_Type,10,A,feces,Male_Wild_Type_feces,Male_Wild_Type_feces_10,Feces,10_Male_Wild_Type,24.85
407_10,Plate3,B02,806rcbc205,ATGCTGCAACACCCGGACTACHVGGGTWild_TypeCTAAT,407_10,X407_10,feces,407,Male_Mutant,Male,Mutant,10,A,feces,Male_Mutant_feces,Male_Mutant_feces_10,Feces,10_Male_Mutant,23.15
408_10,Plate3,B03,806rcbc206,ACTCGCTCGCTGCCGGACTACHVGGGTWild_TypeCTAAT,408_10,X408_10,feces,408,Male_Mutant,Male,Mutant,10,A,feces,Male_Mutant_feces,Male_Mutant_feces_10,Feces,10_Male_Mutant,26.3
411_10,Plate3,C10,806rcbc225,CTTGATTCTTGACCGGACTACHVGGGTWild_TypeCTAAT,411_10,X411_10,feces,411,Male_Wild_Type,Male,Wild_Type,10,A,feces,Male_Wild_Type_feces,Male_Wild_Type_feces_10,Feces,10_Male_Wild_Type,29.95
412_10,Plate2,H05,806rcbc184,ACGATTCGAGTCCCGGACTACHVGGGTWild_TypeCTAAT,412_10,X412_10,feces,412,Female_Wild_Type,Female,Wild_Type,10,A,feces,Female_Wild_Type_feces,Female_Wild_Type_feces_10,Feces,10_Female_Wild_Type,21.3
414_10,Plate2,F12,806rcbc167,CGCTACAACTCGCCGGACTACHVGGGTWild_TypeCTAAT,414_10,X414_10,feces,414,Female_Mutant,Female,Mutant,10,A,feces,Female_Mutant_feces,Female_Mutant_feces_10,Feces,10_Female_Mutant,23.3
420_10,Plate3,C11,806rcbc226,GAAATCTTGAAGCCGGACTACHVGGGTWild_TypeCTAAT,420_10,X420_10,feces,420,Male_Wild_Type,Male,Wild_Type,10,A,feces,Male_Wild_Type_feces,Male_Wild_Type_feces_10,Feces,10_Male_Wild_Type,29.65
425_10,Plate3,C12,806rcbc227,GAGATACAGTTCCCGGACTACHVGGGTWild_TypeCTAAT,425_10,X425_10,feces,425,Male_Wild_Type,Male,Wild_Type,10,A,feces,Male_Wild_Type_feces,Male_Wild_Type_feces_10,Feces,10_Male_Wild_Type,28.1
427_10,Plate3,D01,806rcbc228,ACGTATTCGAAGCCGGACTACHVGGGTWild_TypeCTAAT,427_10,X427_10,feces,427,Male_Wild_Type,Male,Wild_Type,10,A,feces,Male_Wild_Type_feces,Male_Wild_Type_feces_10,Feces,10_Male_Wild_Type,31.15
428_10,Plate3,B04,806rcbc207,TTCCTTAGTAGTCCGGACTACHVGGGTWild_TypeCTAAT,428_10,X428_10,feces,428,Male_Mutant,Male,Mutant,10,A,feces,Male_Mutant_feces,Male_Mutant_feces_10,Feces,10_Male_Mutant,20.2
431_10,Plate3,D02,806rcbc229,ACCTTACACCTTCCGGACTACHVGGGTWild_TypeCTAAT,431_10,X431_10,feces,431,Male_Wild_Type,Male,Wild_Type,10,A,feces,Male_Wild_Type_feces,Male_Wild_Type_feces_10,Feces,10_Male_Wild_Type,25.6
432_10,Plate2,G01,806rcbc168,TTAAGACAGTCGCCGGACTACHVGGGTWild_TypeCTAAT,432_10,X432_10,feces,432,Female_Mutant,Female,Mutant,10,A,feces,Female_Mutant_feces,Female_Mutant_feces_10,Feces,10_Female_Mutant,21.55
433_10,Plate2,H06,806rcbc185,GGTTCGGTCCATCCGGACTACHVGGGTWild_TypeCTAAT,433_10,X433_10,feces,433,Female_Wild_Type,Female,Wild_Type,10,A,feces,Female_Wild_Type_feces,Female_Wild_Type_feces_10,Feces,10_Female_Wild_Type,22.9
437_10,Plate2,H07,806rcbc186,CTGATCCATCTTCCGGACTACHVGGGTWild_TypeCTAAT,437_10,X437_10,feces,437,Female_Wild_Type,Female,Wild_Type,10,A,feces,Female_Wild_Type_feces,Female_Wild_Type_feces_10,Feces,10_Female_Wild_Type,21.1
438_10,Plate2,H08,806rcbc187,TATGTGCCGGCTCCGGACTACHVGGGTWild_TypeCTAAT,438_10,X438_10,feces,438,Female_Wild_Type,Female,Wild_Type,10,A,feces,Female_Wild_Type_feces,Female_Wild_Type_feces_10,Feces,10_Female_Wild_Type,20.65
439_10,Plate2,H09,806rcbc188,TGGTCGCATCGTCCGGACTACHVGGGTWild_TypeCTAAT,439_10,X439_10,feces,439,Female_Wild_Type,Female,Wild_Type,10,A,feces,Female_Wild_Type_feces,Female_Wild_Type_feces_10,Feces,10_Female_Wild_Type,20.25
444_10,Plate2,G02,806rcbc169,TCTGCACTGAGCCCGGACTACHVGGGTWild_TypeCTAAT,444_10,X444_10,feces,444,Female_Mutant,Female,Mutant,10,A,feces,Female_Mutant_feces,Female_Mutant_feces_10,Feces,10_Female_Mutant,22
449_10,Plate3,B05,806rcbc208,CGTCCGTATGAACCGGACTACHVGGGTWild_TypeCTAAT,449_10,X449_10,feces,449,Male_Mutant,Male,Mutant,10,A,feces,Male_Mutant_feces,Male_Mutant_feces_10,Feces,10_Male_Mutant,33.9
450_10,Plate3,D03,806rcbc230,TAATCTCGCCGGCCGGACTACHVGGGTWild_TypeCTAAT,450_10,X450_10,feces,450,Male_Wild_Type,Male,Wild_Type,10,A,feces,Male_Wild_Type_feces,Male_Wild_Type_feces_10,Feces,10_Male_Wild_Type,24.75
451_10,Plate2,H10,806rcbc189,TGTAAGACTTGGCCGGACTACHVGGGTWild_TypeCTAAT,451_10,X451_10,feces,451,Female_Wild_Type,Female,Wild_Type,10,A,feces,Female_Wild_Type_feces,Female_Wild_Type_feces_10,Feces,10_Female_Wild_Type,21.6
452_10,Plate3,B06,806rcbc209,ACGTGAGGAACGCCGGACTACHVGGGTWild_TypeCTAAT,452_10,X452_10,feces,452,Male_Mutant,Male,Mutant,10,A,feces,Male_Mutant_feces,Male_Mutant_feces_10,Feces,10_Male_Mutant,19.35
456_10,Plate2,H11,806rcbc190,CGGATCTAGTGTCCGGACTACHVGGGTWild_TypeCTAAT,456_10,X456_10,feces,456,Female_Wild_Type,Female,Wild_Type,10,A,feces,Female_Wild_Type_feces,Female_Wild_Type_feces_10,Feces,10_Female_Wild_Type,21.35
459_10,Plate3,D04,806rcbc231,ATCTAGTGGCAACCGGACTACHVGGGTWild_TypeCTAAT,459_10,X459_10,feces,459,Male_Wild_Type,Male,Wild_Type,10,A,feces,Male_Wild_Type_feces,Male_Wild_Type_feces_10,Feces,10_Male_Wild_Type,26.65
461_10,Plate3,B07,806rcbc210,GGTTGCCCTGTACCGGACTACHVGGGTWild_TypeCTAAT,461_10,X461_10,feces,461,Male_Mutant,Male,Mutant,10,A,feces,Male_Mutant_feces,Male_Mutant_feces_10,Feces,10_Male_Mutant,24.05
463_10,Plate2,G03,806rcbc170,CGCAGATTAGTACCGGACTACHVGGGTWild_TypeCTAAT,463_10,X463_10,feces,463,Female_Mutant,Female,Mutant,10,A,feces,Female_Mutant_feces,Female_Mutant_feces_10,Feces,10_Female_Mutant,19.15
464_10,Plate2,G04,806rcbc171,TGGGTCCCACATCCGGACTACHVGGGTWild_TypeCTAAT,464_10,X464_10,feces,464,Female_Mutant,Female,Mutant,10,A,feces,Female_Mutant_feces,Female_Mutant_feces_10,Feces,10_Female_Mutant,23.1
465_10,Plate3,B08,806rcbc211,CATATAGCCCGACCGGACTACHVGGGTWild_TypeCTAAT,465_10,X465_10,feces,465,Male_Mutant,Male,Mutant,10,A,feces,Male_Mutant_feces,Male_Mutant_feces_10,Feces,10_Male_Mutant,24.1
466_10,Plate3,B09,806rcbc212,GCCTATGAGATCCCGGACTACHVGGGTWild_TypeCTAAT,466_10,X466_10,feces,466,Male_Mutant,Male,Mutant,10,A,feces,Male_Mutant_feces,Male_Mutant_feces_10,Feces,10_Male_Mutant,22.25
471_10,Plate2,H12,806rcbc191,CGATCTTCGAGCCCGGACTACHVGGGTWild_TypeCTAAT,471_10,X471_10,feces,471,Female_Wild_Type,Female,Wild_Type,10,A,feces,Female_Wild_Type_feces,Female_Wild_Type_feces_10,Feces,10_Female_Wild_Type,21.15
472_10,Plate3,B10,806rcbc213,CAAGTGAAGGGACCGGACTACHVGGGTWild_TypeCTAAT,472_10,X472_10,feces,472,Male_Mutant,Male,Mutant,10,A,feces,Male_Mutant_feces,Male_Mutant_feces_10,Feces,10_Male_Mutant,24.4
475_10,Plate3,D05,806rcbc232,ACGCTTAACGACCCGGACTACHVGGGTWild_TypeCTAAT,475_10,X475_10,feces,475,Male_Wild_Type,Male,Wild_Type,10,A,feces,Male_Wild_Type_feces,Male_Wild_Type_feces_10,Feces,10_Male_Wild_Type,26.45
476_10,Plate2,G05,806rcbc172,CACTGGTGCATACCGGACTACHVGGGTWild_TypeCTAAT,476_10,X476_10,feces,476,Female_Mutant,Female,Mutant,10,A,feces,Female_Mutant_feces,Female_Mutant_feces_10,Feces,10_Female_Mutant,21.55
478_10,Plate2,G06,806rcbc173,AACGTAGGCTCTCCGGACTACHVGGGTWild_TypeCTAAT,478_10,X478_10,feces,478,Female_Mutant,Female,Mutant,10,A,feces,Female_Mutant_feces,Female_Mutant_feces_10,Feces,10_Female_Mutant,23.55
481_10,Plate3,D06,806rcbc233,TACGGATTATGGCCGGACTACHVGGGTWild_TypeCTAAT,481_10,X481_10,feces,481,Male_Wild_Type,Male,Wild_Type,10,A,feces,Male_Wild_Type_feces,Male_Wild_Type_feces_10,Feces,10_Male_Wild_Type,26.35
482_10,Plate3,D07,806rcbc234,ATACATGCAAGACCGGACTACHVGGGTWild_TypeCTAAT,482_10,X482_10,feces,482,Male_Wild_Type,Male,Wild_Type,10,A,feces,Male_Wild_Type_feces,Male_Wild_Type_feces_10,Feces,10_Male_Wild_Type,25.2
484_10,Plate3,A01,806rcbc192,AGCCTTCGTCGCCCGGACTACHVGGGTWild_TypeCTAAT,484_10,X484_10,feces,484,Female_Wild_Type,Female,Wild_Type,10,A,feces,Female_Wild_Type_feces,Female_Wild_Type_feces_10,Feces,10_Female_Wild_Type,20.15
485_10,Plate3,A02,806rcbc193,TCCATACCGGAACCGGACTACHVGGGTWild_TypeCTAAT,485_10,X485_10,feces,485,Female_Wild_Type,Female,Wild_Type,10,A,feces,Female_Wild_Type_feces,Female_Wild_Type_feces_10,Feces,10_Female_Wild_Type,19.8
489_10,Plate3,B11,806rcbc214,CACGTTTATTCCCCGGACTACHVGGGTWild_TypeCTAAT,489_10,X489_10,feces,489,Male_Mutant,Male,Mutant,10,A,feces,Male_Mutant_feces,Male_Mutant_feces_10,Feces,10_Male_Mutant,26.35
495_10,Plate2,G07,806rcbc174,AGTTGTAGTCCGCCGGACTACHVGGGTWild_TypeCTAAT,495_10,X495_10,feces,495,Female_Mutant,Female,Mutant,10,A,feces,Female_Mutant_feces,Female_Mutant_feces_10,Feces,10_Female_Mutant,25.55
500_10,Plate3,D08,806rcbc235,CTTAGTGCAGAACCGGACTACHVGGGTWild_TypeCTAAT,500_10,X500_10,feces,500,Male_Wild_Type,Male,Wild_Type,10,B,feces,Male_Wild_Type_feces,Male_Wild_Type_feces_10,Feces,10_Male_Wild_Type,25.1
505_10,Plate2,G08,806rcbc175,TCGTCAAACCCGCCGGACTACHVGGGTWild_TypeCTAAT,505_10,X505_10,feces,505,Female_Mutant,Female,Mutant,10,B,feces,Female_Mutant_feces,Female_Mutant_feces_10,Feces,10_Female_Mutant,23.45
509_10,Plate3,B12,806rcbc215,GCAACGAACGAGCCGGACTACHVGGGTWild_TypeCTAAT,509_10,X509_10,feces,509,Male_Mutant,Male,Mutant,10,B,feces,Male_Mutant_feces,Male_Mutant_feces_10,Feces,10_Male_Mutant,26.6
510_10,Plate3,C01,806rcbc216,TGACTAATGGCCCCGGACTACHVGGGTWild_TypeCTAAT,510_10,X510_10,feces,510,Male_Mutant,Male,Mutant,10,B,feces,Male_Mutant_feces,Male_Mutant_feces_10,Feces,10_Male_Mutant,21.2
515_10,Plate3,D09,806rcbc236,AATCTTGCGCCGCCGGACTACHVGGGTWild_TypeCTAAT,515_10,X515_10,feces,515,Male_Wild_Type,Male,Wild_Type,10,B,feces,Male_Wild_Type_feces,Male_Wild_Type_feces_10,Feces,10_Male_Wild_Type,30.4
517_10,Plate3,D10,806rcbc237,AGGATCAGGGAACCGGACTACHVGGGTWild_TypeCTAAT,517_10,X517_10,feces,517,Male_Wild_Type,Male,Wild_Type,10,B,feces,Male_Wild_Type_feces,Male_Wild_Type_feces_10,Feces,10_Male_Wild_Type,22.4
518_10,Plate2,G10,806rcbc177,TTGATCCGGTAGCCGGACTACHVGGGTWild_TypeCTAAT,518_10,X518_10,feces,518,Female_Mutant,Female,Mutant,10,B,feces,Female_Mutant_feces,Female_Mutant_feces_10,Feces,10_Female_Mutant,29.25
519_10,Plate3,A03,806rcbc194,AGCCCTGCTACACCGGACTACHVGGGTWild_TypeCTAAT,519_10,X519_10,feces,519,Female_Wild_Type,Female,Wild_Type,10,B,feces,Female_Wild_Type_feces,Female_Wild_Type_feces_10,Feces,10_Female_Wild_Type,20.75
521_10,Plate3,A04,806rcbc195,CCTAACGGTCCACCGGACTACHVGGGTWild_TypeCTAAT,521_10,X521_10,feces,521,Female_Wild_Type,Female,Wild_Type,10,B,feces,Female_Wild_Type_feces,Female_Wild_Type_feces_10,Feces,10_Female_Wild_Type,24.3
522_10,Plate3,A05,806rcbc196,CGCGCCTTAAACCCGGACTACHVGGGTWild_TypeCTAAT,522_10,X522_10,feces,522,Female_Wild_Type,Female,Wild_Type,10,B,feces,Female_Wild_Type_feces,Female_Wild_Type_feces_10,Feces,10_Female_Wild_Type,19.25
524_10,Plate3,D11,806rcbc238,AATAACTAGGGTCCGGACTACHVGGGTWild_TypeCTAAT,524_10,X524_10,feces,524,Male_Wild_Type,Male,Wild_Type,10,B,feces,Male_Wild_Type_feces,Male_Wild_Type_feces_10,Feces,10_Male_Wild_Type,30.9
528_10,Plate3,C02,806rcbc217,CGGGACACCCGACCGGACTACHVGGGTWild_TypeCTAAT,528_10,X528_10,feces,528,Male_Mutant,Male,Mutant,10,B,feces,Male_Mutant_feces,Male_Mutant_feces_10,Feces,10_Male_Mutant,28.9
532_10,Plate3,A06,806rcbc197,TATGGTACCCAGCCGGACTACHVGGGTWild_TypeCTAAT,532_10,X532_10,feces,532,Female_Wild_Type,Female,Wild_Type,10,B,feces,Female_Wild_Type_feces,Female_Wild_Type_feces_10,Feces,10_Female_Wild_Type,21.6
534_10,Plate2,G09,806rcbc176,TAATCGGTGCCACCGGACTACHVGGGTWild_TypeCTAAT,534_10,X534_10,feces,534,Female_Mutant,Female,Mutant,10,B,feces,Female_Mutant_feces,Female_Mutant_feces_10,Feces,10_Female_Mutant,22.65
535_10,Plate3,C03,806rcbc218,CTGTCTATACTACCGGACTACHVGGGTWild_TypeCTAAT,535_10,X535_10,feces,535,Male_Mutant,Male,Mutant,10,B,feces,Male_Mutant_feces,Male_Mutant_feces_10,Feces,10_Male_Mutant,30.8
536_10,Plate3,C04,806rcbc219,TATGCCAGAGATCCGGACTACHVGGGTWild_TypeCTAAT,536_10,X536_10,feces,536,Male_Mutant,Male,Mutant,10,B,feces,Male_Mutant_feces,Male_Mutant_feces_10,Feces,10_Male_Mutant,22.1
538_10,Plate2,G11,806rcbc178,CGGGTGTTTGCTCCGGACTACHVGGGTWild_TypeCTAAT,538_10,X538_10,feces,538,Female_Mutant,Female,Mutant,10,B,feces,Female_Mutant_feces,Female_Mutant_feces_10,Feces,10_Female_Mutant,35.3
541_10,Plate3,D12,806rcbc239,TATTGCAGCAGCCCGGACTACHVGGGTWild_TypeCTAAT,541_10,X541_10,feces,541,Male_Wild_Type,Male,Wild_Type,10,B,feces,Male_Wild_Type_feces,Male_Wild_Type_feces_10,Feces,10_Male_Wild_Type,31.05
542_10,Plate2,G12,806rcbc179,TTGACCGCGGTTCCGGACTACHVGGGTWild_TypeCTAAT,542_10,X542_10,feces,542,Female_Mutant,Female,Mutant,10,B,feces,Female_Mutant_feces,Female_Mutant_feces_10,Feces,10_Female_Mutant,29.55
547_10,Plate3,C05,806rcbc220,CGTTTGGAATGACCGGACTACHVGGGTWild_TypeCTAAT,547_10,X547_10,feces,547,Male_Mutant,Male,Mutant,10,B,feces,Male_Mutant_feces,Male_Mutant_feces_10,Feces,10_Male_Mutant,26.95
548_10,Plate3,C06,806rcbc221,AAGAACTCATGACCGGACTACHVGGGTWild_TypeCTAAT,548_10,X548_10,feces,548,Male_Mutant,Male,Mutant,10,B,feces,Male_Mutant_feces,Male_Mutant_feces_10,Feces,10_Male_Mutant,33.4
549_10,Plate3,A07,806rcbc198,TACAATATCTGTCCGGACTACHVGGGTWild_TypeCTAAT,549_10,X549_10,feces,549,Female_Wild_Type,Female,Wild_Type,10,B,feces,Female_Wild_Type_feces,Female_Wild_Type_feces_10,Feces,10_Female_Wild_Type,21.85
553_10,Plate3,C07,806rcbc222,TGATATCGTCTTCCGGACTACHVGGGTWild_TypeCTAAT,553_10,X553_10,feces,553,Male_Mutant,Male,Mutant,10,B,feces,Male_Mutant_feces,Male_Mutant_feces_10,Feces,10_Male_Mutant,26.15
555_10,Plate3,E01,806rcbc240,TGATGTGCTAAGCCGGACTACHVGGGTWild_TypeCTAAT,555_10,X555_10,feces,555,Male_Wild_Type,Male,Wild_Type,10,B,feces,Male_Wild_Type_feces,Male_Wild_Type_feces_10,Feces,10_Male_Wild_Type,27.45
562_10,Plate3,A08,806rcbc199,AATTTAGGTAGGCCGGACTACHVGGGTWild_TypeCTAAT,562_10,X562_10,feces,562,Female_Wild_Type,Female,Wild_Type,10,B,feces,Female_Wild_Type_feces,Female_Wild_Type_feces_10,Feces,10_Female_Wild_Type,21.45
564_10,Plate2,H01,806rcbc180,GTGCAACCAATCCCGGACTACHVGGGTWild_TypeCTAAT,564_10,X564_10,feces,564,Female_Mutant,Female,Mutant,10,B,feces,Female_Mutant_feces,Female_Mutant_feces_10,Feces,10_Female_Mutant,34.55
568_10,Plate3,E02,806rcbc241,GTAGTAGACCATCCGGACTACHVGGGTWild_TypeCTAAT,568_10,X568_10,feces,568,Male_Wild_Type,Male,Wild_Type,10,B,feces,Male_Wild_Type_feces,Male_Wild_Type_feces_10,Feces,10_Male_Wild_Type,32.55
571_10,Plate2,H02,806rcbc181,GCTTGAGCTTGACCGGACTACHVGGGTWild_TypeCTAAT,571_10,X571_10,feces,571,Female_Mutant,Female,Mutant,10,B,feces,Female_Mutant_feces,Female_Mutant_feces_10,Feces,10_Female_Mutant,22.6
572_10,Plate2,H03,806rcbc182,CGCTGTGGATTACCGGACTACHVGGGTWild_TypeCTAAT,572_10,X572_10,feces,572,Female_Mutant,Female,Mutant,10,B,feces,Female_Mutant_feces,Female_Mutant_feces_10,Feces,10_Female_Mutant,26.05
573_10,Plate3,A09,806rcbc200,GACTCAACCAGTCCGGACTACHVGGGTWild_TypeCTAAT,573_10,X573_10,feces,573,Female_Wild_Type,Female,Wild_Type,10,B,feces,Female_Wild_Type_feces,Female_Wild_Type_feces_10,Feces,10_Female_Wild_Type,19.35
577_10,Plate2,H04,806rcbc183,CTGTCAGTGACCCCGGACTACHVGGGTWild_TypeCTAAT,577_10,X577_10,feces,577,Female_Mutant,Female,Mutant,10,B,feces,Female_Mutant_feces,Female_Mutant_feces_10,Feces,10_Female_Mutant,32.35
578_10,Plate3,C08,806rcbc223,CGGTGACCTACTCCGGACTACHVGGGTWild_TypeCTAAT,578_10,X578_10,feces,578,Male_Mutant,Male,Mutant,10,B,feces,Male_Mutant_feces,Male_Mutant_feces_10,Feces,10_Male_Mutant,32.9
579_10,Plate3,E03,806rcbc242,AGTAAAGATCGTCCGGACTACHVGGGTWild_TypeCTAAT,579_10,X579_10,feces,579,Male_Wild_Type,Male,Wild_Type,10,B,feces,Male_Wild_Type_feces,Male_Wild_Type_feces_10,Feces,10_Male_Wild_Type,22.15
580_10,Plate3,A10,806rcbc201,GCCTCTACGTCGCCGGACTACHVGGGTWild_TypeCTAAT,580_10,X580_10,feces,580,Female_Wild_Type,Female,Wild_Type,10,B,feces,Female_Wild_Type_feces,Female_Wild_Type_feces_10,Feces,10_Female_Wild_Type,19.65
584_10,Plate3,E04,806rcbc243,CTCGCCCTCGCCCCGGACTACHVGGGTWild_TypeCTAAT,584_10,X584_10,feces,584,Male_Wild_Type,Male,Wild_Type,10,B,feces,Male_Wild_Type_feces,Male_Wild_Type_feces_10,Feces,10_Male_Wild_Type,28.2
590_10,Plate3,A11,806rcbc202,ACTACTGAGGATCCGGACTACHVGGGTWild_TypeCTAAT,590_10,X590_10,feces,590,Female_Wild_Type,Female,Wild_Type,10,B,feces,Female_Wild_Type_feces,Female_Wild_Type_feces_10,Feces,10_Female_Wild_Type,18.7
592_10,Plate3,A12,806rcbc203,AATTCACCTCCTCCGGACTACHVGGGTWild_TypeCTAAT,592_10,X592_10,feces,592,Female_Wild_Type,Female,Wild_Type,10,B,feces,Female_Wild_Type_feces,Female_Wild_Type_feces_10,Feces,10_Female_Wild_Type,20.35
N1,Plate1,G09,806rcbc80,TAGTATGCGCAACCGGACTACHVGGGTWild_TypeCTAAT,N1,NA,NA,N1,NA,NA,NA,Extraction Controls,None,NA,NA,NA,NA,Extraction Controls_NA,NA
N2,Plate1,G10,806rcbc81,TGCGCTGAATGTCCGGACTACHVGGGTWild_TypeCTAAT,N2,NA,NA,N2,NA,NA,NA,Extraction Controls,None,NA,NA,NA,NA,Extraction Controls_NA,NA
P1,Plate1,G11,806rcbc82,ATGGCTGTCAGTCCGGACTACHVGGGTWild_TypeCTAAT,P1,NA,Zymo,P1,NA,NA,NA,Extraction Controls,None,Zymo,NA,NA,NA,Extraction Controls_NA,NA
P2,Plate1,G12,806rcbc83,GTTCTCTTCTCGCCGGACTACHVGGGTWild_TypeCTAAT,P2,NA,Zymo,P2,NA,NA,NA,Extraction Controls,None,Zymo,NA,NA,NA,Extraction Controls_NA,NA
PCR_N1,Plate3,E05,806rcbc244,TCTCTTTCGACACCGGACTACHVGGGTWild_TypeCTAAT,water,NA,water,PCR neg (F),NA,NA,NA,PCR control,None,water,NA,NA,NA,PCR control_NA,NA
PCR_N2,Plate3,E06,806rcbc245,ACATACTGAGCACCGGACTACHVGGGTWild_TypeCTAAT,water,NA,water,PCR neg (F),NA,NA,NA,PCR control,None,water,NA,NA,NA,PCR control_NA,NA
PCR_P1,Plate3,E07,806rcbc246,GTTGATACGATGCCGGACTACHVGGGTWild_TypeCTAAT,zymobiomics community DNA standard,NA,zymobiomics community DNA standard,PCR pos (F),NA,NA,NA,PCR control,None,zymobiomics community DNA standard,NA,NA,NA,PCR control_NA,NA
PCR_P2,Plate3,E08,806rcbc247,GTCAACGCTGTCCCGGACTACHVGGGTWild_TypeCTAAT,zymobiomics community DNA standard,NA,zymobiomics community DNA standard,PCR pos (F),NA,NA,NA,PCR control,None,zymobiomics community DNA standard,NA,NA,NA,PCR control_NA,NA